{
  "tolerance_sec": 30.0,
  "gt_count": 9,
  "pred_count": 28,
  "TP": 2,
  "FP": 26,
  "FN": 7,
  "precision": 0.07142857142857142,
  "recall": 0.2222222222222222,
  "f1": 0.10810810810810811,
  "matches": [
    {
      "gt_index": 2,
      "gt_time": 584,
      "gt_time_str": "00:09:44",
      "gt_title": "Project Roadmap and Team Formation",
      "pred_index": 3,
      "pred_time": 595.63,
      "pred_similarity": 0.531536340713501,
      "abs_error_sec": 11.629999999999995
    },
    {
      "gt_index": 6,
      "gt_time": 3435,
      "gt_time_str": "00:57:15",
      "gt_title": "Machine Learning Paradigms and Generalization",
      "pred_index": 18,
      "pred_time": 3458.84,
      "pred_similarity": 0.48890066146850586,
      "abs_error_sec": 23.840000000000146
    }
  ]
}