{
  "tolerance_sec": 30.0,
  "gt_count": 9,
  "pred_count": 27,
  "TP": 4,
  "FP": 23,
  "FN": 5,
  "precision": 0.14814814814814814,
  "recall": 0.4444444444444444,
  "f1": 0.2222222222222222,
  "matches": [
    {
      "gt_index": 2,
      "gt_time": 584,
      "gt_time_str": "00:09:44",
      "gt_title": "Project Roadmap and Team Formation",
      "pred_index": 2,
      "pred_time": 595.63,
      "pred_similarity": 0.531536340713501,
      "abs_error_sec": 11.629999999999995
    },
    {
      "gt_index": 4,
      "gt_time": 1424,
      "gt_time_str": "00:23:44",
      "gt_title": "Interactive Discussion and Problem Definition",
      "pred_index": 9,
      "pred_time": 1450.979,
      "pred_similarity": 0.48386648297309875,
      "abs_error_sec": 26.979000000000042
    },
    {
      "gt_index": 6,
      "gt_time": 3435,
      "gt_time_str": "00:57:15",
      "gt_title": "Machine Learning Paradigms and Generalization",
      "pred_index": 17,
      "pred_time": 3458.84,
      "pred_similarity": 0.48890066146850586,
      "abs_error_sec": 23.840000000000146
    },
    {
      "gt_index": 7,
      "gt_time": 3819,
      "gt_time_str": "01:03:39",
      "gt_title": "Self-adaptive Systems and Complexity",
      "pred_index": 19,
      "pred_time": 3822.6,
      "pred_similarity": 0.4337000250816345,
      "abs_error_sec": 3.599999999999909
    }
  ]
}