{
  "tolerance_sec": 30.0,
  "gt_count": 9,
  "pred_count": 55,
  "TP": 2,
  "FP": 53,
  "FN": 7,
  "precision": 0.03636363636363636,
  "recall": 0.2222222222222222,
  "f1": 0.0625,
  "matches": [
    {
      "gt_index": 2,
      "gt_time": 584,
      "gt_time_str": "00:09:44",
      "gt_title": "Project Roadmap and Team Formation",
      "pred_index": 7,
      "pred_time": 595.63,
      "pred_similarity": 0.531536340713501,
      "abs_error_sec": 11.629999999999995
    },
    {
      "gt_index": 4,
      "gt_time": 1424,
      "gt_time_str": "00:23:44",
      "gt_title": "Interactive Discussion and Problem Definition",
      "pred_index": 17,
      "pred_time": 1450.979,
      "pred_similarity": 0.48386648297309875,
      "abs_error_sec": 26.979000000000042
    }
  ]
}