{
  "tolerance_sec": 30.0,
  "gt_count": 10,
  "pred_count": 17,
  "TP": 2,
  "FP": 15,
  "FN": 8,
  "precision": 0.11764705882352941,
  "recall": 0.2,
  "f1": 0.14814814814814817,
  "matches": [
    {
      "gt_index": 2,
      "gt_time": 542,
      "gt_time_str": "00:09:02",
      "gt_title": "Loss Functions (MSE)",
      "pred_index": 1,
      "pred_time": 555.75,
      "pred_similarity": 0.4517347514629364,
      "abs_error_sec": 13.75
    },
    {
      "gt_index": 3,
      "gt_time": 945,
      "gt_time_str": "00:15:45",
      "gt_title": "Gradient Descent",
      "pred_index": 2,
      "pred_time": 928.869,
      "pred_similarity": 0.499531626701355,
      "abs_error_sec": 16.130999999999972
    }
  ]
}