{
  "tolerance_sec": 30.0,
  "gt_count": 24,
  "pred_count": 3,
  "TP": 1,
  "FP": 2,
  "FN": 23,
  "precision": 0.3333333333333333,
  "recall": 0.041666666666666664,
  "f1": 0.07407407407407407,
  "matches": [
    {
      "gt_index": 17,
      "gt_time": 3818,
      "gt_time_str": "01:03:38",
      "gt_title": "S018\tA_Concept_Introduction\tBackpropagation : Concept Definition",
      "pred_index": 2,
      "pred_time": 3803.389,
      "pred_similarity": 0.4989084005355835,
      "abs_error_sec": 14.610999999999876
    }
  ]
}