{
  "tolerance_sec": 30.0,
  "gt_count": 24,
  "pred_count": 1,
  "TP": 1,
  "FP": 0,
  "FN": 23,
  "precision": 1.0,
  "recall": 0.041666666666666664,
  "f1": 0.07999999999999999,
  "matches": [
    {
      "gt_index": 17,
      "gt_time": 3818,
      "gt_time_str": "01:03:38",
      "gt_title": "S018\tA_Concept_Introduction\tBackpropagation : Concept Definition",
      "pred_index": 0,
      "pred_time": 3790.77,
      "pred_similarity": 0.3728134036064148,
      "abs_error_sec": 27.230000000000018
    }
  ]
}