{
  "tolerance_sec": 30.0,
  "gt_count": 9,
  "pred_count": 44,
  "TP": 1,
  "FP": 43,
  "FN": 8,
  "precision": 0.022727272727272728,
  "recall": 0.1111111111111111,
  "f1": 0.03773584905660377,
  "matches": [
    {
      "gt_index": 2,
      "gt_time": 584,
      "gt_time_str": "00:09:44",
      "gt_title": "Project Roadmap and Team Formation",
      "pred_index": 5,
      "pred_time": 595.63,
      "pred_similarity": 0.531536340713501,
      "abs_error_sec": 11.629999999999995
    }
  ]
}