{
  "tolerance_sec": 30.0,
  "gt_count": 11,
  "pred_count": 34,
  "TP": 4,
  "FP": 30,
  "FN": 7,
  "precision": 0.11764705882352941,
  "recall": 0.36363636363636365,
  "f1": 0.17777777777777776,
  "matches": [
    {
      "gt_index": 0,
      "gt_time": 23,
      "gt_time_str": "00:00:23",
      "gt_title": "Recap and Administrative Updates",
      "pred_index": 0,
      "pred_time": 51.74,
      "pred_similarity": 0.38930484652519226,
      "abs_error_sec": 28.740000000000002
    },
    {
      "gt_index": 1,
      "gt_time": 258,
      "gt_time_str": "00:04:18",
      "gt_title": "Project Team Formation and Collaboration",
      "pred_index": 3,
      "pred_time": 273.419,
      "pred_similarity": 0.5467332601547241,
      "abs_error_sec": 15.418999999999983
    },
    {
      "gt_index": 4,
      "gt_time": 1489,
      "gt_time_str": "00:24:49",
      "gt_title": "Machine Learning Paradigms (Supervised vs Unsupervised)",
      "pred_index": 11,
      "pred_time": 1515.819,
      "pred_similarity": 0.44506585597991943,
      "abs_error_sec": 26.81899999999996
    },
    {
      "gt_index": 9,
      "gt_time": 5382,
      "gt_time_str": "01:29:42",
      "gt_title": "Hyperparameters and Training Process",
      "pred_index": 30,
      "pred_time": 5389.689,
      "pred_similarity": 0.5008541941642761,
      "abs_error_sec": 7.689000000000306
    }
  ]
}