{
  "tolerance_sec": 30.0,
  "gt_count": 33,
  "pred_count": 2,
  "TP": 1,
  "FP": 1,
  "FN": 32,
  "precision": 0.5,
  "recall": 0.030303030303030304,
  "f1": 0.05714285714285715,
  "matches": [
    {
      "gt_index": 28,
      "gt_time": 4570,
      "gt_time_str": "01:16:10",
      "gt_title": "S029\tA_Concept_Introduction\tData Quality and Engineering Judgment : Concept Definition",
      "pred_index": 1,
      "pred_time": 4589.02,
      "pred_similarity": 0.5127042531967163,
      "abs_error_sec": 19.020000000000437
    }
  ]
}