{
  "tolerance_sec": 30.0,
  "gt_count": 9,
  "pred_count": 18,
  "TP": 1,
  "FP": 17,
  "FN": 8,
  "precision": 0.05555555555555555,
  "recall": 0.1111111111111111,
  "f1": 0.07407407407407407,
  "matches": [
    {
      "gt_index": 5,
      "gt_time": 3135,
      "gt_time_str": "00:52:15",
      "gt_title": "Flattening and Fully Connected Layers",
      "pred_index": 10,
      "pred_time": 3129.37,
      "pred_similarity": 0.46226346492767334,
      "abs_error_sec": 5.630000000000109
    }
  ]
}