{
  "tolerance_sec": 30.0,
  "gt_count": 9,
  "pred_count": 26,
  "TP": 3,
  "FP": 23,
  "FN": 6,
  "precision": 0.11538461538461539,
  "recall": 0.3333333333333333,
  "f1": 0.17142857142857146,
  "matches": [
    {
      "gt_index": 6,
      "gt_time": 3435,
      "gt_time_str": "00:57:15",
      "gt_title": "Machine Learning Paradigms and Generalization",
      "pred_index": 13,
      "pred_time": 3458.84,
      "pred_similarity": 0.48890066146850586,
      "abs_error_sec": 23.840000000000146
    },
    {
      "gt_index": 7,
      "gt_time": 3819,
      "gt_time_str": "01:03:39",
      "gt_title": "Self-adaptive Systems and Complexity",
      "pred_index": 16,
      "pred_time": 3822.6,
      "pred_similarity": 0.4337000250816345,
      "abs_error_sec": 3.599999999999909
    },
    {
      "gt_index": 8,
      "gt_time": 4197,
      "gt_time_str": "01:09:57",
      "gt_title": "Data Quality and Engineering Judgment",
      "pred_index": 19,
      "pred_time": 4209.609,
      "pred_similarity": 0.5945364832878113,
      "abs_error_sec": 12.609000000000378
    }
  ]
}