{
  "tolerance_sec": 30.0,
  "gt_count": 10,
  "pred_count": 2,
  "TP": 1,
  "FP": 1,
  "FN": 9,
  "precision": 0.5,
  "recall": 0.1,
  "f1": 0.16666666666666669,
  "matches": [
    {
      "gt_index": 1,
      "gt_time": 255,
      "gt_time_str": "00:04:15",
      "gt_title": "Linear Regression",
      "pred_index": 0,
      "pred_time": 273.82,
      "pred_similarity": 0.5497505068778992,
      "abs_error_sec": 18.819999999999993
    }
  ]
}