{
  "tolerance_sec": 30.0,
  "gt_count": 9,
  "pred_count": 8,
  "TP": 1,
  "FP": 7,
  "FN": 8,
  "precision": 0.125,
  "recall": 0.1111111111111111,
  "f1": 0.11764705882352941,
  "matches": [
    {
      "gt_index": 6,
      "gt_time": 3435,
      "gt_time_str": "00:57:15",
      "gt_title": "Machine Learning Paradigms and Generalization",
      "pred_index": 3,
      "pred_time": 3458.84,
      "pred_similarity": 0.48890066146850586,
      "abs_error_sec": 23.840000000000146
    }
  ]
}