{
  "tolerance_sec": 30.0,
  "gt_count": 33,
  "pred_count": 3,
  "TP": 1,
  "FP": 2,
  "FN": 32,
  "precision": 0.3333333333333333,
  "recall": 0.030303030303030304,
  "f1": 0.05555555555555555,
  "matches": [
    {
      "gt_index": 28,
      "gt_time": 4570,
      "gt_time_str": "01:16:10",
      "gt_title": "S029\tA_Concept_Introduction\tData Quality and Engineering Judgment : Concept Definition",
      "pred_index": 2,
      "pred_time": 4575.54,
      "pred_similarity": 0.3276764750480652,
      "abs_error_sec": 5.539999999999964
    }
  ]
}