{
  "tolerance_sec": 30.0,
  "gt_count": 9,
  "pred_count": 47,
  "TP": 2,
  "FP": 45,
  "FN": 7,
  "precision": 0.0425531914893617,
  "recall": 0.2222222222222222,
  "f1": 0.07142857142857142,
  "matches": [
    {
      "gt_index": 1,
      "gt_time": 405,
      "gt_time_str": "00:06:45",
      "gt_title": "Image Data as Matrices",
      "pred_index": 1,
      "pred_time": 386.369,
      "pred_similarity": 0.4089530110359192,
      "abs_error_sec": 18.630999999999972
    },
    {
      "gt_index": 3,
      "gt_time": 1450,
      "gt_time_str": "00:24:10",
      "gt_title": "Convolution Operations",
      "pred_index": 11,
      "pred_time": 1454.589,
      "pred_similarity": 0.5218209028244019,
      "abs_error_sec": 4.588999999999942
    }
  ]
}