{
  "tolerance_sec": 30.0,
  "gt_count": 9,
  "pred_count": 17,
  "TP": 1,
  "FP": 16,
  "FN": 8,
  "precision": 0.058823529411764705,
  "recall": 0.1111111111111111,
  "f1": 0.07692307692307691,
  "matches": [
    {
      "gt_index": 7,
      "gt_time": 4510,
      "gt_time_str": "01:15:10",
      "gt_title": "Model Building Workflow",
      "pred_index": 11,
      "pred_time": 4535.56,
      "pred_similarity": 0.33333879709243774,
      "abs_error_sec": 25.5600000000004
    }
  ]
}