{
  "tolerance_sec": 30.0,
  "gt_count": 11,
  "pred_count": 33,
  "TP": 3,
  "FP": 30,
  "FN": 8,
  "precision": 0.09090909090909091,
  "recall": 0.2727272727272727,
  "f1": 0.13636363636363635,
  "matches": [
    {
      "gt_index": 3,
      "gt_time": 950,
      "gt_time_str": "00:15:50",
      "gt_title": "Data Representation and Mathematical Foundations of ML",
      "pred_index": 4,
      "pred_time": 952.82,
      "pred_similarity": 0.3764667809009552,
      "abs_error_sec": 2.82000000000005
    },
    {
      "gt_index": 6,
      "gt_time": 2672,
      "gt_time_str": "00:44:32",
      "gt_title": "Model Confidence and Prediction Metrics",
      "pred_index": 9,
      "pred_time": 2679.82,
      "pred_similarity": 0.3508339822292328,
      "abs_error_sec": 7.820000000000164
    },
    {
      "gt_index": 9,
      "gt_time": 5382,
      "gt_time_str": "01:29:42",
      "gt_title": "Hyperparameters and Training Process",
      "pred_index": 25,
      "pred_time": 5361.93,
      "pred_similarity": 0.4127230942249298,
      "abs_error_sec": 20.06999999999971
    }
  ]
}